{"train_losses": [3.752764960197865, 2.986659687940578, 2.6558720353520364, 2.448718640991445, 2.2885855922519958, 2.1592808550942064, 2.0423604776834874, 1.9136142425569658, 1.791357514394428, 1.6690710311049894, 1.5560840211630682, 1.4438481005385466, 1.3444713226967704, 1.260948895390937, 1.1883018395192795, 1.1246388075498184, 1.0684225075074023, 1.0126689684675823, 0.9724371062000456, 0.926812239982976, 0.9066437712708431, 0.8525411301505443, 0.8461481754893736, 0.8120228189962309, 0.7930016591890681, 0.7871902477720899, 0.7634639816784614, 0.7330909095729984, 0.7212625153032179, 0.7053785999480368, 0.6947527015168512, 0.6858585327863693, 0.6838859930990498, 0.6689392250959377, 0.6526502619017513, 0.6471072060052853, 0.649955997135452, 0.6413618292112806, 0.6287114020602288, 0.6158679916488433, 0.6178234273459724, 0.6022486216785965, 0.6129439678106698, 0.5968775754800836, 0.5981714467648354, 0.5877053069376701, 0.5787638600775813, 0.5716688016067186, 0.575340879299128, 0.5774919596141516, 0.5546618762581829, 0.5729656204733832, 0.5501066875539136, 0.5682014347190742, 0.548859005749429, 0.5431939780000127, 0.5465908299228844, 0.5543794990501306, 0.5316874056851091, 0.541489861320717, 0.5370358384815093, 0.5350131243975903, 0.5304703853337838, 0.5381948812626328, 0.5270009446164446, 0.5180359775702701, 0.5210956284210544, 0.5221292984770427, 0.5209215094205055, 0.5122189242583493, 0.5109154540829284, 0.5238847036817375, 0.49965353655937184, 0.5156320965635899, 0.5152140003930994, 0.5179159971329133, 0.4977687287554399, 0.49421444390312397, 0.5160807472345366, 0.4872850420989681], "val_losses": [3.188517007827759, 2.848495283126831, 2.6825926399230955, 2.6118255424499512, 2.5205871295928954, 2.4392154598236084, 2.3766958141326904, 2.411788921356201, 2.355571584701538, 2.378120193481445, 2.3141318130493165, 2.3461680889129637, 2.369226722717285, 2.3628450775146486, 2.380822334289551, 2.452475061416626, 2.4696109294891357, 2.450734338760376, 2.4829400634765624, 2.477216320037842, 2.483675003051758, 2.483592805862427, 2.503608379364014, 2.51492844581604, 2.561839265823364, 2.5269219970703123, 2.5719707298278807, 2.588440761566162, 2.608078022003174, 2.5936051273345946, 2.5701553535461428, 2.6392831230163574, 2.6268928813934327, 2.6353768825531008, 2.6287357234954833, 2.656086730957031, 2.6987393283843994, 2.681396179199219, 2.6310840320587157, 2.6700099182128905, 2.644530153274536, 2.680596208572388, 2.654291715621948, 2.6738109970092774, 2.702798328399658, 2.688435182571411, 2.6750150108337403, 2.765016269683838, 2.695891466140747, 2.790874490737915, 2.710826902389526, 2.807715253829956, 2.7126557636260986, 2.755421266555786, 2.7270828247070313, 2.782182312011719, 2.7561604404449462, 2.75463716506958, 2.7478996753692626, 2.7693304061889648, 2.7739845180511473, 2.7392565059661864, 2.767097206115723, 2.7833736324310303, 2.7539455127716064, 2.7205408668518065, 2.787104539871216, 2.8186012172698973, 2.7934213733673094, 2.7730330753326418, 2.7900564670562744, 2.7561927604675294, 2.7868641567230226, 2.7840816974639893, 2.78450231552124, 2.7820115375518797, 2.7915119457244875, 2.8280942630767822, 2.783822431564331, 2.7887906646728515], "train_accs": [13.612, 26.562666666666665, 33.16, 37.94, 41.66266666666667, 44.824, 47.95733333333333, 50.92666666666667, 53.730666666666664, 56.996, 60.132, 62.73466666666667, 65.52133333333333, 67.824, 69.96533333333333, 71.476, 73.10933333333334, 74.62266666666666, 75.91733333333333, 77.12133333333334, 77.868, 79.172, 79.616, 80.50533333333334, 81.0, 81.38533333333334, 81.83866666666667, 82.89866666666667, 83.184, 83.708, 83.98933333333333, 84.244, 84.31333333333333, 84.87733333333334, 85.364, 85.444, 85.50666666666666, 85.62533333333333, 85.99466666666666, 86.54933333333334, 86.388, 86.97466666666666, 86.61466666666666, 87.08666666666667, 87.084, 87.404, 87.616, 87.824, 87.712, 87.672, 88.26666666666667, 87.98266666666666, 88.51333333333334, 88.00666666666666, 88.55733333333333, 88.71466666666667, 88.784, 88.5, 89.12533333333333, 88.69733333333333, 89.01866666666666, 88.968, 89.11466666666666, 88.908, 89.24266666666666, 89.41733333333333, 89.52533333333334, 89.54, 89.45733333333334, 89.74666666666667, 89.71333333333334, 89.376, 90.06, 89.69466666666666, 89.76666666666667, 89.62533333333333, 90.11466666666666, 90.32133333333333, 89.7, 90.43466666666667], "val_accs": [22.632, 29.632, 32.572, 34.216, 35.96, 38.584, 39.568, 39.344, 40.372, 40.196, 41.94, 41.476, 41.524, 42.052, 41.932, 40.688, 40.76, 41.484, 41.288, 41.312, 41.272, 41.724, 41.228, 41.744, 40.728, 41.7, 40.612, 40.852, 40.892, 40.972, 41.384, 40.872, 40.496, 40.792, 40.596, 40.724, 39.884, 40.14, 41.268, 40.468, 40.728, 40.872, 41.036, 40.548, 40.432, 40.596, 40.724, 39.912, 40.904, 39.148, 40.712, 39.456, 41.336, 40.028, 40.348, 39.856, 40.248, 39.852, 40.208, 40.068, 40.096, 40.64, 40.52, 39.692, 40.528, 41.248, 39.756, 39.904, 39.668, 40.58, 40.024, 40.804, 40.16, 39.632, 40.38, 40.016, 39.936, 39.176, 40.192, 40.216], "train_acc": 90.43466666666667, "val_acc": 40.216, "test_acc": 42.51, "exp_name": "exp1_lr", "act": "relu", "l2": 0.008, "optim": "Adam", "lr": 0.0003, "epoch": 80, "train_batch_size": 128, "test_batch_size": 1024}